"RMSE","MAE","R2","Conjunto","Modelo"
2.8217667435496,1.41366009934703,0.229882335019228,"Train","KNN"
2.91778454422102,1.56829977900592,0.154412489666222,"Test","KNN"
