"RMSE","MAE","R2","Conjunto","Modelo"
3.03841603386469,1.67343186064558,0.107086596200664,"Train","ElasticNet"
3.00560440707069,1.69183104206749,0.102745265906705,"Test","ElasticNet"
